<?xml version="1.0" encoding="UTF-8"?>
<metadata xml:lang="en"><Esri><CreaDate>20210430</CreaDate><CreaTime>14533300</CreaTime><ArcGISFormat>1.0</ArcGISFormat><SyncOnce>FALSE</SyncOnce><scaleRange><minScale>2500000</minScale><maxScale>39062</maxScale></scaleRange><DataProperties><itemProps><itemName Sync="TRUE">kimberley</itemName><imsContentType Sync="TRUE">002</imsContentType><nativeExtBox><westBL Sync="TRUE">72.577376</westBL><eastBL Sync="TRUE">167.998140</eastBL><southBL Sync="TRUE">-54.776993</southBL><northBL Sync="TRUE">-9.141290</northBL><exTypeCode Sync="TRUE">1</exTypeCode></nativeExtBox><itemSize Sync="TRUE">0.000</itemSize><itemLocation><linkage Sync="TRUE">file://\\GPEM-LSEC2\Users\uqmward5\Desktop\Michelle_2020\WWF\LeighAnn\kimberley.shp</linkage><protocol Sync="TRUE">Local Area Network</protocol></itemLocation></itemProps><coordRef><type Sync="TRUE">Projected</type><geogcsn Sync="TRUE">GCS_GDA_1994</geogcsn><csUnits Sync="TRUE">Linear Unit: Meter (1.000000)</csUnits><peXml Sync="TRUE">&lt;ProjectedCoordinateSystem xsi:type='typens:ProjectedCoordinateSystem' xmlns:xsi='http://www.w3.org/2001/XMLSchema-instance' xmlns:xs='http://www.w3.org/2001/XMLSchema' xmlns:typens='http://www.esri.com/schemas/ArcGIS/10.8'&gt;&lt;WKT&gt;PROJCS[&amp;quot;GDA_1994_Australia_Albers&amp;quot;,GEOGCS[&amp;quot;GCS_GDA_1994&amp;quot;,DATUM[&amp;quot;D_GDA_1994&amp;quot;,SPHEROID[&amp;quot;GRS_1980&amp;quot;,6378137.0,298.257222101]],PRIMEM[&amp;quot;Greenwich&amp;quot;,0.0],UNIT[&amp;quot;Degree&amp;quot;,0.0174532925199433]],PROJECTION[&amp;quot;Albers&amp;quot;],PARAMETER[&amp;quot;False_Easting&amp;quot;,0.0],PARAMETER[&amp;quot;False_Northing&amp;quot;,0.0],PARAMETER[&amp;quot;Central_Meridian&amp;quot;,132.0],PARAMETER[&amp;quot;Standard_Parallel_1&amp;quot;,-18.0],PARAMETER[&amp;quot;Standard_Parallel_2&amp;quot;,-36.0],PARAMETER[&amp;quot;Latitude_Of_Origin&amp;quot;,0.0],UNIT[&amp;quot;Meter&amp;quot;,1.0],AUTHORITY[&amp;quot;EPSG&amp;quot;,3577]]&lt;/WKT&gt;&lt;XOrigin&gt;-20220900&lt;/XOrigin&gt;&lt;YOrigin&gt;-14227600&lt;/YOrigin&gt;&lt;XYScale&gt;222720038.54281932&lt;/XYScale&gt;&lt;ZOrigin&gt;-100000&lt;/ZOrigin&gt;&lt;ZScale&gt;10000&lt;/ZScale&gt;&lt;MOrigin&gt;-100000&lt;/MOrigin&gt;&lt;MScale&gt;10000&lt;/MScale&gt;&lt;XYTolerance&gt;0.001&lt;/XYTolerance&gt;&lt;ZTolerance&gt;0.001&lt;/ZTolerance&gt;&lt;MTolerance&gt;0.001&lt;/MTolerance&gt;&lt;HighPrecision&gt;true&lt;/HighPrecision&gt;&lt;WKID&gt;3577&lt;/WKID&gt;&lt;LatestWKID&gt;3577&lt;/LatestWKID&gt;&lt;/ProjectedCoordinateSystem&gt;</peXml><projcsn Sync="TRUE">GDA_1994_Australia_Albers</projcsn></coordRef><lineage><Process ToolSource="c:\program files (x86)\arcgis\desktop10.1\ArcToolbox\Toolboxes\Conversion Tools.tbx\FeatureClassToFeatureClass" Date="20130710" Time="165636">FeatureClassToFeatureClass N:\NRS\IBRA\IBRA7\IBRA7.gdb\IBRA7_regions D:\WorkSpace\ibra ibra7_regions.shp # "REG_CODE_7 "REG_CODE_7" true true false 6 Text 0 0 ,First,#,N:\NRS\IBRA\IBRA7\IBRA7.gdb\IBRA7_regions,REG_CODE_7,-1,-1;REG_NAME_7 "REG_NAME_7" true true false 100 Text 0 0 ,First,#,N:\NRS\IBRA\IBRA7\IBRA7.gdb\IBRA7_regions,REG_NAME_7,-1,-1;HECTARES "HECTARES" true true false 8 Double 0 0 ,First,#,N:\NRS\IBRA\IBRA7\IBRA7.gdb\IBRA7_regions,HECTARES,-1,-1;SQ_KM "SQ_KM" true true false 8 Double 0 0 ,First,#,N:\NRS\IBRA\IBRA7\IBRA7.gdb\IBRA7_regions,SQ_KM,-1,-1;REC_ID "REC_ID" true true false 4 Long 0 0 ,First,#,N:\NRS\IBRA\IBRA7\IBRA7.gdb\IBRA7_regions,REC_ID,-1,-1;REG_CODE_6 "REG_CODE_6" true true false 9 Text 0 0 ,First,#,N:\NRS\IBRA\IBRA7\IBRA7.gdb\IBRA7_regions,REG_CODE_6,-1,-1;REG_NAME_6 "REG_NAME_6" true true false 50 Text 0 0 ,First,#,N:\NRS\IBRA\IBRA7\IBRA7.gdb\IBRA7_regions,REG_NAME_6,-1,-1;REG_NO_61 "REG_NO_61" true true false 8 Double 0 0 ,First,#,N:\NRS\IBRA\IBRA7\IBRA7.gdb\IBRA7_regions,REG_NO_61,-1,-1;FEAT_ID "FEAT_ID" true true false 50 Text 0 0 ,First,#,N:\NRS\IBRA\IBRA7\IBRA7.gdb\IBRA7_regions,FEAT_ID,-1,-1;Shape_Leng "Shape_Length" false true true 8 Double 0 0 ,First,#,N:\NRS\IBRA\IBRA7\IBRA7.gdb\IBRA7_regions,Shape_Length,-1,-1;Shape_Area "Shape_Area" false true true 8 Double 0 0 ,First,#,N:\NRS\IBRA\IBRA7\IBRA7.gdb\IBRA7_regions,Shape_Area,-1,-1" #</Process><Process Name="Dissolve (3)" ToolSource="c:\program files (x86)\arcgis\desktop10.8\ArcToolbox\Toolboxes\Data Management Tools.tbx\Dissolve" Date="20210218" Time="163201">Dissolve Kim m:\Users\uqmward5\Desktop\Michelle_2020\WWF\Screening\Kim2.shp # # MULTI_PART DISSOLVE_LINES</Process><Process ToolSource="c:\program files (x86)\arcgis\desktop10.8\ArcToolbox\Toolboxes\Data Management Tools.tbx\Project" Date="20210430" Time="145333">Project m:\Users\uqmward5\Desktop\Michelle_2020\WWF\Screening\Kim2.shp m:\Users\uqmward5\Desktop\Michelle_2020\WWF\Screening\Kim2_albers.shp PROJCS['GDA_1994_Australia_Albers',GEOGCS['GCS_GDA_1994',DATUM['D_GDA_1994',SPHEROID['GRS_1980',6378137.0,298.257222101]],PRIMEM['Greenwich',0.0],UNIT['Degree',0.0174532925199433]],PROJECTION['Albers'],PARAMETER['False_Easting',0.0],PARAMETER['False_Northing',0.0],PARAMETER['Central_Meridian',132.0],PARAMETER['Standard_Parallel_1',-18.0],PARAMETER['Standard_Parallel_2',-36.0],PARAMETER['Latitude_Of_Origin',0.0],UNIT['Meter',1.0]] # GEOGCS['GCS_GDA_1994',DATUM['D_GDA_1994',SPHEROID['GRS_1980',6378137.0,298.257222101]],PRIMEM['Greenwich',0.0],UNIT['Degree',0.0174532925199433]] NO_PRESERVE_SHAPE # NO_VERTICAL</Process><Process ToolSource="c:\program files (x86)\arcgis\desktop10.8\ArcToolbox\Toolboxes\Data Management Tools.tbx\Dissolve" Date="20210430" Time="155914">Dissolve Kim2_albers m:\Users\uqmward5\Desktop\Michelle_2020\WWF\LeighAnn\kimberley.shp # # MULTI_PART DISSOLVE_LINES</Process></lineage></DataProperties><SyncDate>20210430</SyncDate><SyncTime>15591200</SyncTime><ModDate>20210430</ModDate><ModTime>15591200</ModTime><ArcGISstyle>Department Metadata</ArcGISstyle><PublishStatus>Error validating content</PublishStatus></Esri><mdLang><languageCode value="eng"/><countryCode value="AUS" Sync="TRUE"></countryCode></mdLang><mdChar><CharSetCd value="004"/></mdChar><mdHrLv><ScopeCd value="005"/></mdHrLv><mdStanName>ANZLIC Metadata Profile</mdStanName><mdStanVer>1.1</mdStanVer><distInfo><distTranOps><transSize>63.215</transSize></distTranOps><distFormat><formatName Sync="TRUE">Shapefile</formatName></distFormat><distributor><distorCont><rpOrgName>Australian Government Department of Sustainability, Environment, Water, Population and Communities</rpOrgName><rpCntInfo><cntPhone><voiceNum>(02) 6274 1111</voiceNum><faxNum>(02) 6274 1333</faxNum></cntPhone><cntAddress><delPoint>GPO Box 787</delPoint><city>CANBERRA</city><adminArea>ACT</adminArea><postCode>2601</postCode><country>Australia</country><eMailAdd>metadata@environment.gov.au</eMailAdd></cntAddress><cntOnlineRes><linkage>http://www.environment.gov.au</linkage></cntOnlineRes></rpCntInfo><role><RoleCd value="005"></RoleCd></role></distorCont><distorFormat><formatName>Shapefile</formatName><formatVer>1</formatVer></distorFormat><distorTran><onLineSrc><linkage Sync="TRUE"></linkage><orDesc>003</orDesc></onLineSrc></distorTran></distributor></distInfo><dataIdInfo><idAbs>Interim Biogeographic Regionalisation for Australia (IBRA) version 7.0 represents a landscape based approach to classifying the land surface of Australia. 89 biogeographic regions and 419 sub regions have been delineated, each reflecting a unifying set of major environmental influences which shape the occurrence of flora and fauna and their interaction with the physical environment across Australia and its external territories (excluding Antarctica). IBRA Version 7.0 data consists of two datasets. IBRA bioregions, which is a larger scale regional classification of homogenous ecosystems, and sub regions, which are more localised. IBRA Version 7.0 is the result of both significant changes to certain IBRA 6.1 boundaries, plus refinement of other boundaries due to better data availability amongst some states and territories, and alterations by the states/territories along state borders. The updated boundaries were jointly defined by the Commonwealth, State and Territory nature and conservation agencies. In this respect refinements were carried out to all mainland jurisdictions with significant changes in Queensland and South Australia. In addition the dataset was also updated to more closely conform to the Geoscience Australia 1:100K State borders, and a standard coding/naming convention introduced (for both regions and sub-regions) resulting in differences to both names and codes used in earlier IBRA Versions.
Various sources were used to delineate islands - these included the GA100K Admin layer plus the Australian Maritime Boundaries dataset, a Coral Sea dataset (held in ERIN) and the GA Commonwealth Fisheries 2006 dataset.</idAbs><idCredit>The IBRA 7 update program was coordinated by Auricht Projects in cooperation with Australian Government and State/Territory environment and conservation agencies.</idCredit><idStatus><ProgCd value="001"/></idStatus><resMaint><maintFreq><MaintFreqCd value="009"/></maintFreq></resMaint><dsFormat><formatName>File Geodatabase Feature Class</formatName><formatVer>1</formatVer></dsFormat><themeKeys><keyword>ECOLOGY Landscape</keyword><keyword>BOUNDARIES Biophysical</keyword></themeKeys><otherKeys><keyword>Downloadable Data</keyword></otherKeys><searchKeys><keyword>Downloadable Data</keyword><keyword>ECOLOGY Landscape</keyword><keyword>BOUNDARIES Biophysical</keyword></searchKeys><resConst><LegConsts><useLimit>Data to be available in the Public Domain under Creative Commons by Attribtion Licensing Agreement</useLimit><accessConsts><RestrictCd value="005"></RestrictCd></accessConsts><othConsts>The data are available to the public under licence from the Australian Government Department of Sustainability, Environment, Water, Population and Communities as part of the Commonwealth Spatial Data Access and Pricing Policy.</othConsts></LegConsts></resConst><resConst><Consts><useLimit>Data to be available in the Public Domain under Creative Commons Licensing Agreement</useLimit></Consts><LegConsts><useLimit>Data to be available in the Public Domain under Creative Commons by Attribtion Licensing Agreement</useLimit><accessConsts><RestrictCd value="005"></RestrictCd></accessConsts><othConsts>The data are available to the public under licence from the Australian Government Department of Sustainability, Environment, Water, Population and Communities as part of the Commonwealth Spatial Data Access and Pricing Policy.</othConsts></LegConsts></resConst><spatRpType><SpatRepTypCd value="001"/></spatRpType><dataExt><geoEle><GeoBndBox esriExtentType="search"><extentTypeCode>true</extentTypeCode><westBL Sync="TRUE">72.577376</westBL><eastBL Sync="TRUE">167.998140</eastBL><northBL Sync="TRUE">-9.141290</northBL><southBL Sync="TRUE">-54.776993</southBL></GeoBndBox></geoEle></dataExt><envirDesc Sync="TRUE"> Version 6.2 (Build 9200) ; Esri ArcGIS 10.8.0.12790</envirDesc><idCitation><resTitle>IBRA7_regions</resTitle><resAltTitle>N:\NRS\IBRA\IBRA7\IBRA7.gdb\IBRA7_regions</resAltTitle><resRefDate><refDate>19950101</refDate><refDateType><DateTypCd value="001"></DateTypCd></refDateType></resRefDate><resRefDate><refDate>20120418</refDate><refDateType><DateTypCd value="003"></DateTypCd></refDateType></resRefDate><citId><MdIdent><identCode>ISOCW0501015457</identCode></MdIdent></citId><citRespParty><rpOrgName>Australian Government Department of Sustainability, Environment, Water, Population and Communities</rpOrgName><rpPosName>Metadata Publisher</rpPosName><rpCntInfo><cntPhone><voiceNum>(02) 6274 1111</voiceNum><faxNum>(02) 6274 1333</faxNum></cntPhone><cntAddress><delPoint>GPO Box 787</delPoint><city>CANBERRA</city><adminArea>ACT</adminArea><postCode>2601</postCode><country>AU</country><eMailAdd>metadata@environment.gov.au</eMailAdd></cntAddress><cntOnlineRes><linkage>http://www.environment.gov.au/</linkage></cntOnlineRes></rpCntInfo><role><RoleCd value="002"></RoleCd></role></citRespParty><citRespParty><rpOrgName>Australian Government Department of Sustainability, Environment, Water, Population and Communities</rpOrgName><rpPosName>Metadata Publisher</rpPosName><rpCntInfo><cntPhone><voiceNum>(02) 6274 1111</voiceNum><faxNum>(02) 6274 1333</faxNum></cntPhone><cntAddress><delPoint>GPO Box 787</delPoint><city>CANBERRA</city><adminArea>ACT</adminArea><postCode>2601</postCode><country>Australia</country><eMailAdd>metadata@environment.gov.au</eMailAdd></cntAddress><cntOnlineRes><linkage>http://www.environment.gov.au/</linkage></cntOnlineRes></rpCntInfo><role><RoleCd value="010"></RoleCd></role></citRespParty><presForm><PresFormCd value="005" Sync="TRUE"></PresFormCd></presForm></idCitation><idPoC><rpOrgName>Australian Government Department of Sustainability, Environment, Water, Population and Communities</rpOrgName><rpPosName>Parks Data Manager</rpPosName><rpCntInfo><cntPhone><voiceNum>02 6274 1111</voiceNum><faxNum>02 6274 1666</faxNum></cntPhone><cntAddress><delPoint>GPO Box 787</delPoint><city>Canberra</city><adminArea>ACT</adminArea><postCode>2601</postCode><country>AU</country><eMailAdd>parks.metadata@environment.gov.au</eMailAdd></cntAddress><cntOnlineRes><linkage>http://www.environment.gov.au/</linkage></cntOnlineRes></rpCntInfo><role><RoleCd value="007"></RoleCd></role></idPoC><descKeys><keyword>BOUNDARIES Biophysical</keyword><keyTyp><KeyTypCd value="005"></KeyTypCd></keyTyp><thesaName><resTitle>ANZLIC Search Words</resTitle><resRefDate><refDate>20080515</refDate><refDateType><DateTypCd value="003"></DateTypCd></refDateType></resRefDate><resEd>Version 2.1</resEd><resEdDate>20080515</resEdDate></thesaName></descKeys><dataScale><equScale><rfDenom>250000</rfDenom></equScale></dataScale><tpCat><TopicCatCd value="007"></TopicCatCd></tpCat><suppInfo>to be published externally</suppInfo><dataLang><languageCode value="en"></languageCode><countryCode value="AUS" Sync="TRUE"></countryCode></dataLang><dataChar><CharSetCd value="004"></CharSetCd></dataChar></dataIdInfo><refSysInfo><RefSystem><refSysID><identCode>GCS_GDA_1994</identCode><idCodeSpace Sync="TRUE">EPSG</idCodeSpace><idVersion Sync="TRUE">6.12(9.3.0.0)</idVersion></refSysID></RefSystem></refSysInfo><eainfo><detailed Name="kimberley"><enttyp><enttypl Sync="TRUE">kimberley</enttypl><enttypt Sync="TRUE">Feature Class</enttypt><enttypc Sync="TRUE">0</enttypc></enttyp><attr><attrlabl Sync="TRUE">FID</attrlabl><attalias Sync="TRUE">FID</attalias><attrtype Sync="TRUE">OID</attrtype><attwidth Sync="TRUE">4</attwidth><atprecis Sync="TRUE">0</atprecis><attscale Sync="TRUE">0</attscale><attrdef Sync="TRUE">Internal feature number.</attrdef><attrdefs Sync="TRUE">Esri</attrdefs><attrdomv><udom Sync="TRUE">Sequential unique whole numbers that are automatically generated.</udom></attrdomv></attr><attr><attrlabl Sync="TRUE">Shape</attrlabl><attalias Sync="TRUE">Shape</attalias><attrtype Sync="TRUE">Geometry</attrtype><attwidth Sync="TRUE">0</attwidth><atprecis Sync="TRUE">0</atprecis><attscale Sync="TRUE">0</attscale><attrdef Sync="TRUE">Feature geometry.</attrdef><attrdefs Sync="TRUE">ESRI</attrdefs><attrdomv><udom Sync="TRUE">Coordinates defining the features.</udom></attrdomv></attr><attr><attrlabl Sync="TRUE">Id</attrlabl><attalias Sync="TRUE">Id</attalias><attrtype Sync="TRUE">Integer</attrtype><attwidth Sync="TRUE">6</attwidth><atprecis Sync="TRUE">6</atprecis><attscale Sync="TRUE">0</attscale></attr></detailed></eainfo><mdHrLvName Sync="TRUE">dataset</mdHrLvName><spatRepInfo><VectSpatRep><geometObjs Name="kimberley"><geoObjTyp><GeoObjTypCd value="002" Sync="TRUE"></GeoObjTypCd></geoObjTyp><geoObjCnt Sync="TRUE">0</geoObjCnt></geometObjs><topLvl><TopoLevCd value="001" Sync="TRUE"></TopoLevCd></topLvl></VectSpatRep></spatRepInfo><spdoinfo><ptvctinf><esriterm Name="kimberley"><efeatyp Sync="TRUE">Simple</efeatyp><efeageom code="4" Sync="TRUE"></efeageom><esritopo Sync="TRUE">FALSE</esritopo><efeacnt Sync="TRUE">0</efeacnt><spindex Sync="TRUE">FALSE</spindex><linrefer Sync="TRUE">FALSE</linrefer></esriterm></ptvctinf></spdoinfo><mdDateSt>20120601</mdDateSt><mdFileID>9160a112-85d6-4240-855a-9667ef63deb4</mdFileID><idinfo><citation><citeinfo><title>IBRA7_regions</title></citeinfo></citation></idinfo><distinfo><resdesc></resdesc></distinfo><mdContact><rpOrgName>Australian Government Department of Sustainability, Environment, Water, Population and Communities</rpOrgName><rpPosName>Parks Data Manager</rpPosName><rpCntInfo><cntPhone><voiceNum>02 6274 1111</voiceNum><faxNum>02 6274 1666</faxNum></cntPhone><cntAddress><delPoint>GPO Box 787</delPoint><city>Canberra</city><adminArea>ACT</adminArea><postCode>2601</postCode><country>AU</country><eMailAdd>parks.metadata@environment.gov.au</eMailAdd></cntAddress><cntOnlineRes><linkage>http://www.environment.gov.au/</linkage></cntOnlineRes></rpCntInfo><role><RoleCd value="007"></RoleCd></role></mdContact><dqInfo><dataLineage><statement>States and Territories provided the base data for inclusion in IBRA Version 7 Auricht Projects then undertook spatial refinements of the boundaries to ensure that edgematching of boundaries were to the state borders and coastline. The Geoscience Australia 1:100,000 dataset was used to maintain this standard. Draft outputs were provided to State/Territory Agencies for cross-checking. Final checking of topology was undertaken by the Australian Government Department of Sustainability, Environment, Water, Population and Communities.</statement><dataSource><srcCitatn><resTitle>SA: Department of Environment and Natural Resources (DENR); WA: Department of Environment and Conservation (DEC); NT: Department of Natural Resources, Environment, The Arts and Sport (NRETAS); NSW: Office of Environment and Heritage (OEH); Vic: Department of Sustainability and Environment (DSE); Tas: Department of Primary Industries, Parks, Water and Environment (DPIPWE); QLD: On 30 March 2012 the Queensland Government announced machinery-of-government changes for departments. The functions of the former Department of Environment and Resource Management will now be delivered by the following departments: Department of Environment and Heritage Protection, Department of Natural Resources and Mines, Department of National Parks, Recreation, Sport and Racing, Department of Energy and Water Supply, Department of Science, Information Technology, Innovation and the Arts</resTitle><resRefDate><refDate>20000101</refDate><refDateType><DateTypCd value="003"></DateTypCd></refDateType></resRefDate></srcCitatn></dataSource></dataLineage><dqReport><DQAbsExtPosAcc><measResult><ConResult><conSpec><resTitle>ERIN Check</resTitle><resRefDate><refDate>20000101</refDate><refDateType><DateTypCd value="003"></DateTypCd></refDateType></resRefDate></conSpec><conExpl>Less than two kilometres in most areas of Australia. Generally, the data is accurate to at least 1:250,000</conExpl><conPass>1</conPass></ConResult></measResult></DQAbsExtPosAcc><DQNonQuanAttAcc><measResult><ConResult><conSpec><resTitle>ERIN Check</resTitle><resRefDate><refDate>20000101</refDate><refDateType><DateTypCd value="003"></DateTypCd></refDateType></resRefDate></conSpec><conExpl>The naming of regions is the responsibility of individual jurisdictions. The naming of those regions that cross state/territory boundaries is decided on agreement with those jurisdictions in question. The two IBRA datasets (bioregions and sub-regions) contain the following attributes: 

REG_CODE_7 – Alphabetic identifier for the IBRA region; REG_NAME_7 - The full name of the IBRA region; AREA – Area in Metres; HECTARES – Area in Hectares; SQ_KM – Square Kilometres ; REC_ID – Numeric identifier for the IBRA region; REG_CODE_6 – Alphabetic identifier of the previous IBRA6.1 region; REG_NAME_6 - The full name of the previous IBRA6.1 region; REG_NO_61 – Numeric identifier of the previous IBRA6.1 region; STATE - Abbreviation of State or Territory</conExpl><conPass>1</conPass></ConResult></measResult></DQNonQuanAttAcc><DQConcConsis><measResult><ConResult><conSpec><resTitle>ERIN Check</resTitle><resRefDate><refDate>20000101</refDate><refDateType><DateTypCd value="003"></DateTypCd></refDateType></resRefDate></conSpec><conExpl>ERIN undertook a systematic process to ensure all spatial and non spatial data was correctly compiled. This included checking for label errors and also for removing over-shoots and under-shoots in relation to the state borders.</conExpl><conPass>1</conPass></ConResult></measResult></DQConcConsis><DQCompOm><measResult><ConResult><conSpec><resTitle>ERIN Check</resTitle><resRefDate><refDate>20000101</refDate><refDateType><DateTypCd value="003"></DateTypCd></refDateType></resRefDate></conSpec><conExpl>The data is complete for IBRA version 7. Further refinement will be carried out to improve border regions in time.</conExpl><conPass>1</conPass></ConResult></measResult></DQCompOm></dqReport><dqScope><scpLvl><ScopeCd value="005"></ScopeCd></scpLvl></dqScope></dqInfo></metadata>
